{
"type": "FeatureCollection",
"crs": { "type": "name", "properties": { "name": "urn:ogc:def:crs:EPSG::3857" } },
"features": [
{ "type": "Feature", "properties": { "name": "س. نفت و گاز و پتروشیمی تأمین", "Board_Members_info": "<p>شرکت سرمایه گذاری تامین اجتماعی-- نایب رئیس هیئت مدیره<\/p><p> شرکت سرمایه گذاری صبا تامین-- عضو هیئت مدیره<\/p><p> شرکت سرمایه گذاری صدر تامین-- عضو هیئت مدیره<\/p><p> شرکت سرمایه گذاری سیمان تامین-- عضو هیئت مدیره<\/p><p> شرکت سرمایه گذاری دارویی تامین-- رئیس هیئت مدیره<\/p><p> محمد حسن پیوندی ثانی-- مدیرعامل و عضو هیئت مدیره<\/p>", "Shareholders_info": "<p>شرکت سرمایه گذاری تامین اجتماعی )س .ع (بخش 28, 3.44<\/p><p> شرکت سرمایه گذاری تامین اجتماعی )س .ع (بخش 19, 2.29<\/p><p> شرکت سرمایه گذاری تامین اجتماعی )س .ع  (بخش 22, 2.29<\/p><p> شرکت سرمایه گذاری تامین اجتماعی )س .ع (بخش 23, 2.29<\/p><p> شرکت سرمایه گذاری تامین اجتماعی )س .ع (بخش 24, 2.29<\/p><p> شرکت سرمایه گذاری تامین اجتماعی )س .ع (بخش 25, 2.29<\/p><p> شرکت سرمایه گذاری تامین اجتماعی )س .ع (بخش 27, 2.29<\/p><p> شرکت سرمایه گذاری تامین اجتماعی )س .ع (بخش 26, 2.29<\/p><p> شرکت سرمایه گذاری تامین اجتماعی )س .ع (بخش 7, 2.29<\/p><p> شرکت سرمایه گذاری تامین اجتماعی )س .ع (بخش 8, 2.29<\/p><p> شرکت سرمایه گذاری تامین اجتماعی )س .ع (بخش 9, 2.29<\/p><p> شرکت سرمایه گذاری تامین اجتماعی )س .ع (بخش 10, 2.29<\/p><p> شرکت سرمایه گذاری تامین اجتماعی )س .ع (بخش 11, 2.29<\/p><p> شرکت سرمایه گذاری تامین اجتماعی )س .ع (بخش 12, 2.29<\/p><p> شرکت سرمایه گذاری تامین اجتماعی )س .ع (بخش 13, 2.29<\/p><p> شرکت سرمایه گذاری تامین اجتماعی )س .ع (بخش 14, 2.29<\/p><p> شرکت سرمایه گذاری تامین اجتماعی )س .ع (بخش 17, 2.29<\/p><p> شرکت سرمایه گذاری تامین اجتماعی )س .ع (بخش 18, 2.29<\/p><p> شرکت سرمایه گذاری تامین اجتماعی )س .ع (بخش 5, 2.29<\/p><p> شرکت سرمایه گذاری تامین اجتماعی )س .ع (بخش 20, 2.29<\/p><p> شرکت سرمایه گذاری تامین اجتماعی )س .ع (بخش 15, 2.27<\/p><p> شرکت آینده سازان رفاه پردیس )سهامی خاص (, 2.22<\/p><p> موسسه صندوق بیمه اجتماعی روستائیان وعشایر, 1.90<\/p><p> شرکت آینده سازان رفاه پردیس )سهامی خاص (بخش 1, 1.72<\/p><p> شرکت آینده سازان رفاه پردیس )سهامی خاص (بخش 2, 1.72<\/p><p> صندوق سرمایه گذاری گنجینه زرین شهر, 1.64<\/p><p> شرکت سرمایه گذاری تامین اجتماعی )س .ع (بخش 16, 1.31<\/p><p> شرکت سرمایه گذاری صباتامین )سهامی عام (, 1.29<\/p><p> صندوق سرمایه گذاری گنجینه زرین شهربخش 1, 1.14<\/p><p> شرکت سرمایه گذاری تامین اجتماعی )س .ع (بخش 30, 1.14<\/p><p> شرکت سرمایه گذاری تامین اجتماعی )س .ع (بخش 31, 1.14<\/p><p> شرکت سرمایه گذاری تامین اجتماعی )س .ع (بخش 32, 1.14<\/p><p> شرکت سرمایه گذاری تامین اجتماعی )س .ع (بخش 33, 1.14<\/p><p> شرکت سرمایه گذاری تامین اجتماعی )س .ع (بخش 34, 1.14<\/p><p> شرکت سرمایه گذاری تامین اجتماعی )س .ع (بخش 35, 1.14<\/p><p> شرکت سرمایه گذاری تامین اجتماعی )س .ع  (بخش 23, 1.14<\/p><p> شرکت سرمایه گذاری تامین اجتماعی )س .ع (بخش 36, 1.14<\/p><p> شرکت سرمایه گذاری تامین اجتماعی )س .ع (بخش 37, 1.14<\/p><p> شرکت سرمایه گذاری تامین اجتماعی )س .ع  (بخش 24, 1.14<\/p><p> شرکت سرمایه گذاری تامین اجتماعی )س .ع (بخش 38, 1.14<\/p><p> شرکت سرمایه گذاری تامین اجتماعی )س .ع (بخش 39, 1.14<\/p><p> شرکت سرمایه گذاری تامین اجتماعی )س .ع (بخش 40, 1.14<\/p><p> شرکت سرمایه گذاری تامین اجتماعی )س .ع (بخش 41, 1.14<\/p><p> شرکت سرمایه گذاری تامین اجتماعی )س .ع  (بخش 25, 1.14<\/p><p> شرکت سرمایه گذاری تامین اجتماعی )س .ع (بخش 42, 1.14<\/p><p> شرکت سرمایه گذاری تامین اجتماعی )س .ع (بخش 43, 1.14<\/p><p> شرکت سرمایه گذاری تامین اجتماعی )س .ع (بخش 44, 1.14<\/p><p> شرکت سرمایه گذاری تامین اجتماعی )س .ع (بخش 45, 1.14<\/p><p> شرکت سرمایه گذاری تامین اجتماعی )س .ع (بخش 46, 1.14<\/p><p> شرکت سرمایه گذاری تامین اجتماعی )س .ع (بخش 47, 1.14<\/p><p> شرکت سرمایه گذاری تامین اجتماعی )س .ع (بخش 48, 1.14<\/p><p> شرکت سرمایه گذاری تامین اجتماعی )س .ع (بخش 49, 1.14<\/p><p> شرکت سرمایه گذاری تامین اجتماعی )س .ع (بخش 21, 1.13<\/p><p> شرکت آینده سازان رفاه پردیس )سهامی خاص (بخش 4, 1.11<\/p>", "Contact_info": "<p> مدیر عامل :   - <\/p><p>  تلفن شرکت :   - <\/p><p>  فکس شرکت :   - <\/p><p> پست الکترونیکی :   - <\/p><p> آدرس سایت :   - <\/p><p> آدرس شرکت :   - <\/p><p> آدرس کارخانه :   - <\/p><p> زمینه فعالیت :   - <\/p>", "lat": 35.733699, "long": 51.436788, "color": "#8EFFB1", "group": "2" }, "geometry": { "type": "Point", "coordinates": [ 51.436788, 35.733699 ] } },
{ "type": "Feature", "properties": { "name": "سرمایه‌گذاری صنایع پتروشیمی‌", "Board_Members_info": "<p>سرمایه گذاری تامین اجتماعی (سهامی خاص )-- رئیس هیئت مدیره<\/p><p> شرکت سرمایه گذاری نفت،گاز و پتروشیمی تامین(شرکت سرمایه گذاری صنایع پتروشیمیایی تامین)-- عضو هیئت مدیره<\/p><p> سرمایه گذاری صبا تامین (سهامی عام )-- عضو هیئت مدیره<\/p><p> سازمان ( صندوق ) تامین اجتماعی-- نایب رئیس هیئت مدیره<\/p><p> فریدون  فدایی دولت-- مدیرعامل و عضو هیئت مدیره<\/p><p> شرکت توسعه تجارت تامین اجتماعی (سهامی خاص )-- عضو هیئت مدیره<\/p>", "Shareholders_info": "<p>شرکت سرمایه گذاری نفت وگازوپتروشیمی تامین )س .ع, 34.78<\/p><p> سازمان تامین اجتماعی, 33.05<\/p><p> شرکت تعاونی م .ک .س .م وزارت بهداشت ودرمان آموزش پ, 2.81<\/p>", "Contact_info": "<p> مدیر عامل :   فريدون  فدايي دولت<\/p><p>  تلفن شرکت :   88993549(021) <\/p><p>  فکس شرکت :   88993549(021) <\/p><p> پست الکترونیکی :  info@piicgroup.com <\/p><p> آدرس سایت :   www.piicgroup.com<\/p><p> آدرس شرکت :   تهران-خيابان سيد جمال الدين اسد آبادي-خيابان شهيد امير جهانبخش(سوم)-پلاک 14 <\/p><p> آدرس کارخانه :   - <\/p><p> زمینه فعالیت :   سرمايه گذاري در شرکتها و مجتمع ها و طرحها و واحدهاي توليدي و صنعتي عموماً و صنايع پتروشيمي خصوصاً ، بمنظور ايجاد ، راه اندازي و يا توسعه اينگونه واحدها مي باشد. <\/p>", "lat": 35.769899, "long": 51.411819, "color": "#8EFFB1", "group": "2" }, "geometry": { "type": "Point", "coordinates": [ 51.411819, 35.769899 ] } },
{ "type": "Feature", "properties": { "name": "صنایع پتروشیمی خلیج فارس", "Board_Members_info": "<p>شرکت ملی صنایع پتروشیمی-- عضو هیئت مدیره<\/p><p> شرکت گروه توسعه مالی مهر آیندگان-- عضو هیئت مدیره<\/p><p> سرمایه گذاری استان آذربایجان غربی-- عضو هیئت مدیره<\/p><p> سرمایه گذاری استان خراسان جنوبی-- نایب رئیس هیئت مدیره<\/p><p> گروه پتروشیمی تابان فردا-- رئیس هیئت مدیره<\/p>", "Shareholders_info": "<p>صندوقهای ب -پ -کارکنان شرکت ملی نفت بخش 1, 3.63<\/p><p> صندوقهای ب -پ -کارکنان شرکت ملی نفت بخش 2, 3.63<\/p><p> صندوقهای ب -پ -کارکنان شرکت ملی نفت بخش 3, 3.61<\/p><p> صندوقهای ب -پ -کارکنان شرکت ملی نفت, 2.46<\/p><p> صندوقهای ب -پ -کارکنان شرکت ملی نفت بخش 5, 1.83<\/p><p> صندوقهای ب -پ -کارکنان شرکت ملی نفت بخش 4, 1.80<\/p><p> شرکت س اآذربایجان غربی س .خ )م ک م ف ع (, 1.74<\/p><p> شرکت س اکرمان س .خ )م ک م ف ع (, 1.72<\/p><p> شرکت س اگیلان س .خ )م ک م ف ع (, 1.69<\/p><p> شرکت س اسیستان وبلوچستان س .خ )م ک م ف ع (, 1.66<\/p><p> شرکت س اخراسان رضوی س .خ )م ک م ف ع (بخش 6, 1.65<\/p><p> شرکت س اخراسان رضوی س .خ )م ک م ف ع (, 1.62<\/p><p> شرکت ملی صنایع پتروشیمی بخش 26)معاف ازمالیات (, 1.60<\/p><p> شرکت ملی صنایع پتروشیمی بخش 33, 1.59<\/p><p> شرکت ملی صنایع پتروشیمی بخش 23)معاف ازمالیات (, 1.57<\/p><p> شرکت ملی صنایع پتروشیمی )معاف ازمالیات (, 1.57<\/p><p> شرکت ملی صنایع پتروشیمی بخش 28, 1.51<\/p><p> شرکت گروه پتروشیمی تابان فردا)سهامی عام (, 1.50<\/p><p> شرکت ملی صنایع پتروشیمی بخش 4)معاف ازمالیات (, 1.49<\/p><p> شرکت سرمایه گذاری نفت وگازوپتروشیمی تامین )س .ع, 1.32<\/p><p> شرکت س اخوزستان س .خ )م ک م ف ع (بخش 3, 1.28<\/p><p> شرکت س افارس س .خ )م ک م ف ع (بخش 3, 1.28<\/p><p> شرکت س اخوزستان س .خ )م ک م ف ع (, 1.26<\/p><p> شرکت س افارس س .خ )م ک م ف ع (, 1.26<\/p><p> شرکت گروه پتروشیمی تابان فردا)سهامی عام (بخش 1, 1.23<\/p><p> شرکت س الرستان س .خ )م ک م ف ع (, 1.22<\/p><p> شرکت س اگلستان س .خ )م ک م ف ع (, 1.20<\/p><p> شرکت س اآذربایجان شرقی س .خ )م ک م ف ع (بخش 2, 1.19<\/p><p> شرکت س اکرمانشاه س .خ )م ک م ف ع (, 1.17<\/p><p> شرکت س اآذربایجان شرقی س .خ )م ک م ف ع (, 1.17<\/p><p> شرکت س اهمدان س .خ )م ک م ف ع (, 1.16<\/p><p> شرکت سرمایه گذاری نفت وگازوپتروشیمی ت )س .ع بخش 1, 1.12<\/p><p> شرکت ملی صنایع پتروشیمی بخش 29, 1.09<\/p><p> شرکت ملی صنایع پتروشیمی بخش 5)معاف ازمالیات (, 1.07<\/p><p> شرکت س ااصفهان س .خ )م ک م ف ع (بخش 3, 1.06<\/p><p> شرکت س اتهران س .خ )م ک م ف ع (بخش 8, 1.04<\/p><p> شرکت س ااصفهان س .خ )م ک م ف ع (, 1.04<\/p><p> شرکت س اتهران س .خ )م ک م ف ع (, 1.02<\/p><p> شرکت گروه پتروشیمی تابان فردا)سهامی عام بخش 7, 1.01<\/p><p> شرکت سرمایه گذاری نفت وگازوپتروشیمی تامین بخش 4, 1.01<\/p><p> شرکت سرمایه گذاری نفت وگازوپتروشیمی تامین بخش 5, 1.01<\/p><p> شرکت سرمایه گذاری نفت وگازوپتروشیمی تامین بخش 6, 1.01<\/p><p> شرکت ملی صنایع پتروشیمی بخش 30, 1.01<\/p><p> شرکت ملی صنایع پتروشیمی بخش 31, 1.01<\/p><p> شرکت ملی صنایع پتروشیمی بخش 32, 1.01<\/p><p> شرکت س امازندران س .خ )م ک م ف ع (بخش 2, 1.01<\/p><p> شرکت ملی صنایع پتروشیمی بخش 34, 1.01<\/p><p> شرکت س اتهران س .خ )م ک م ف ع (بخش 9, 1.01<\/p><p> شرکت گروه پتروشیمی تابان فردا)سهامی عام بخش 6, 1.01<\/p><p> شرکت گروه پتروشیمی تابان فردا)سهامی عام بخش 4, 1.01<\/p><p> شرکت گروه پتروشیمی تابان فردا)سهامی عام بخش 3, 1.00<\/p><p> شرکت سرمایه گذاری نفت وگازوپتروشیمی تامین بخش 2, 1.00<\/p><p> شرکت سرمایه گذاری نفت وگازوپتروشیمی تامین بخش 3, 1.00<\/p><p> شرکت گروه پتروشیمی تابان فردا)سهامی عام بخش 1, 1.00<\/p><p> شرکت گروه پتروشیمی تابان فردا)سهامی عام بخش 2, 1.00<\/p><p> شرکت ملی صنایع پتروشیمی بخش 6)معاف ازمالیات (, 1.00<\/p><p> شرکت ملی صنایع پتروشیمی بخش 7)معاف ازمالیات (, 1.00<\/p><p> شرکت ملی صنایع پتروشیمی بخش 24)معاف ازمالیات (, 1.00<\/p><p> شرکت س اتهران س .خ )م ک م ف ع (بخش 1, 1.00<\/p><p> شرکت ملی صنایع پتروشیمی بخش 2)معاف ازمالیات (, 1.00<\/p>", "Contact_info": "<p> مدیر عامل :   عادل نژادسليم <\/p><p>  تلفن شرکت :   02188309060-74 <\/p><p>  فکس شرکت :   02188822083 <\/p><p> پست الکترونیکی :  webmaster@pgpic.ir <\/p><p> آدرس سایت :   pgpic.ir<\/p><p> آدرس شرکت :   ميدان هفت تير نرسيده به کريم خان زند ساختمان شماره 38 <\/p><p> آدرس کارخانه :   - <\/p><p> زمینه فعالیت :   سرمايه گذاري در سهام سهم الشرکه ، واحدهاي سرمايه صندوق ها يا ساير اوراق بهادار داراي حق راي با هدف کسب انتفاع و کنترل عمليات يا نفوذ قابل ملاحظه در شرکت ، موسسه يا صندوق سرمايه پذير ، ( اعم از ايراني يا خارجي ) که درکليه زمينه هاي  پتروشيمي فعاليت مي کند<\/p>", "lat": 35.714933, "long": 51.423968, "color": "#8EFFB1", "group": "2" }, "geometry": { "type": "Point", "coordinates": [ 51.423968, 35.714933 ] } },
{ "type": "Feature", "properties": { "name": "صنایع پتروشیمی کرمانشاه", "Board_Members_info": "<p>شرکت گروه گسترش نفت و گاز پارسیان-- رئیس هیئت مدیره<\/p><p> گروه پتروشیمی سرمایه گذاری ایرانیان-- نایب رئیس هیئت مدیره<\/p><p> شرکت سرمایه گذاری هامون سپاهان-- عضو هیئت مدیره<\/p><p> شرکت خدمات مدیریت هامون سپاهان-- عضو هیئت مدیره<\/p><p> شرکت مدبران اقتصاد(سهامی خاص)-- عضو هیئت مدیره<\/p>", "Shareholders_info": "<p>شرکت گروه پتروشیمی سرمایه گذاری ایرانیان )سهام, 21.68<\/p><p> شرکت گروه گسترش نفت وگازپارسیان )سهامی عام (, 21.11<\/p><p> شرکت گروه گسترش نفت وگازپارسیان )بخش 1, 21.11<\/p><p> شرکت سرمایه گذاری هامون سپاهان )سهامی عام (, 4.19<\/p><p> شرکت مدیریت توسعه صنایع پتروشیمی )سهامی خاص (, 3.54<\/p><p> شرکت سرمایه گذاری مدبران اقتصاد)سهامی خاص (, 1.42<\/p>", "Contact_info": "<p> مدیر عامل :   احمدرضا اشتري <\/p><p>  تلفن شرکت :   08323272280-88211221 <\/p><p>  فکس شرکت :   88059157 <\/p><p> پست الکترونیکی :  info@kpic.ir <\/p><p> آدرس سایت :   www.kpic.ir<\/p><p> آدرس شرکت :   خيايان ملاصدرا، شيخ بهايي شمالي، کوچه سلمان، پلاک 14 <\/p><p> آدرس کارخانه :   کرمانشاه، کيلومتر 4 جاده هرسين، پل چهر، کيلومتر 3 جاده کمربندي شهيد شفيعي <\/p><p> زمینه فعالیت :   الف. توليد انواع محصولات پتروشيمي از طريق احداث، راه اندازي و بهره برداري مجتمع عاي پتروشيمي و کارخانه هاي صنعتي\nب. مبادرت به صادرات و واردات انواع محصولات پتروشيمي با رعايت ضوابط و مقررات دولت جمهوري اسلامي ايران\n <\/p>", "lat": 35.756984, "long": 51.396689, "color": "#8EFFB1", "group": "2" }, "geometry": { "type": "Point", "coordinates": [ 51.396689, 35.756984 ] } },
{ "type": "Feature", "properties": { "name": "پتروشیمی جم", "Board_Members_info": "<p>شرکت سرمایه گذاری صندوق بازنشستگی کشوری-- رئیس هیئت مدیره<\/p><p> شرکت سرمایه گذاری نفت و گاز و پتروشیمی تامین-- نایب رئیس هیئت مدیره<\/p><p> شرکت گسترش تجارت پارس سبا-- عضو هیئت مدیره<\/p><p> صندوق بازنشستگی کشوری-- عضو هیئت مدیره<\/p><p> شرکت سرمایه گذاری سهام عدالت استان خراسان شمالی-- عضو هیئت مدیره<\/p>", "Shareholders_info": "<p>شرکت سرمایه گذاری نفت وگازوپتروشیمی تامین )س .ع, 14.32<\/p><p> صندوق بازنشستگی کشوری, 9.37<\/p><p> صندوق بازنشستگی کشوری بخش 16, 9.37<\/p><p> شرکت سرمایه گذاری صندوق بازنشستگی کشوری )سهامی, 9.23<\/p><p> شرکت سرمایه گذاری صندوق بازنشستگی کشوری بخش 2, 8.72<\/p><p> شرکت سرمایه گذاری صندوق بازنشستگی کشوری بخش 1, 5.70<\/p><p> شرکت گروه پتروشیمی سرمایه گذاری ایرانیان )سهام, 4.77<\/p><p> صندوق بازنشستگی کشوری بخش اول دارایی, 4.10<\/p><p> شرکت گروه مدیریت ارزش سرمایه صندوق .ب .کشوری )س خ, 3.75<\/p><p> موسسه صندوق بیمه اجتماعی روستائیان وعشایر, 3.22<\/p><p> شرکت سرمایه گذاری نفت وگازوپتروشیمی تامین بخش 1, 2.34<\/p><p> شرکت س اتهران س .خ )م ک م ف ع (, 1.52<\/p><p> شرکت بانک ایران زمین )سهامی عام (, 1.29<\/p><p> شرکت س اخراسان رضوی س .خ )م ک م ف ع (, 1.21<\/p><p> شرکت سرمایه گذاری مدبران اقتصاد)سهامی خاص (, 1.14<\/p><p> شرکت س افارس س .خ )م ک م ف ع (, 1.03<\/p>", "Contact_info": "<p> مدیر عامل :   - <\/p><p>  تلفن شرکت :   - <\/p><p>  فکس شرکت :   - <\/p><p> پست الکترونیکی :   - <\/p><p> آدرس سایت :   - <\/p><p> آدرس شرکت :   - <\/p><p> آدرس کارخانه :   - <\/p><p> زمینه فعالیت :   - <\/p>", "lat": 35.746515, "long": 51.409555, "color": "#8EFFB1", "group": "2" }, "geometry": { "type": "Point", "coordinates": [ 51.409555, 35.746515 ] } },
{ "type": "Feature", "properties": { "name": "پتروشیمی شازند", "Board_Members_info": "<p>شرکت سرمایه گذاری گروه توسعه ملی-- عضو هیئت مدیره<\/p><p> صندوق بازنشستگی کشوری-- عضو هیئت مدیره<\/p><p> شرکت سرمایه گذاری نفت،گاز و پتروشیمی تامین(شرکت سرمایه گذاری صنایع پتروشیمیایی تامین)-- نایب رئیس هیئت مدیره<\/p><p> شرکت سرمایه گذاری توسعه ملی-- رئیس هیئت مدیره<\/p><p> شرکت خدمات مدیریت سرمایه مدار-- عضو هیئت مدیره<\/p>", "Shareholders_info": "<p>شرکت سرمایه گذاری گروه توسعه ملی )سهامی عام (, 17.93<\/p><p> شرکت سرمایه گذاری گروه توسعه ملی )س .ع (بخش 4, 17.46<\/p><p> شرکت سرمایه گذاری نفت وگازوپتروشیمی تامین )س .ع, 17.25<\/p><p> صندوق بازنشستگی کشوری, 15.76<\/p><p> شرکت سرمایه گذاری گروه توسعه ملی )س .عام (بخش 1, 13.88<\/p><p> شرکت سهامی بیمه ایران )سهامی خاص (, 2.29<\/p><p> بیمه مرکزی ایران, 1.53<\/p><p> شرکت گروه مالی سپهرصادرات )سهامی خاص (, 1.44<\/p>", "Contact_info": "<p> مدیر عامل :   ابراهيم ولدخاني <\/p><p>  تلفن شرکت :   (+98 21) 82120<\/p><p>  فکس شرکت :   FAX: (+98 21) 82121 <\/p><p> پست الکترونیکی :  infoarpc@arpc.ir <\/p><p> آدرس سایت :   www.arpc.ir<\/p><p> آدرس شرکت :   تهران - خيابان وليعصر - بالاتر از ميرداماد - خيابان تابان غربي - شماره 68 - صندوق پستي: 6589،6591\/14155 - کدپستي 1968913751 - تلفن: 82120-021 فکس: 82121-021 <\/p><p> آدرس کارخانه :   اراک - کيلومتر 22 جاده بروجرد - صندوق پستي: 575 - کد پستي: 3867143111 - تلفن: 32635800-086 فکس: 33285007-086 <\/p><p> زمینه فعالیت :   فعاليت اصلي:\nموضوع فعاليت شرکت پتروشيمي شازند (سهامي عام) عبارت است از فعاليت در برخي رشته هاي پتروشيمي، شيميايي و صنايع وابسته به آن و تهيه و توليد انواع مواد و فرآورده هاي پتروشيمي و شيميايي، تشکيل انواع شرکت ها و يا اخذ نمايندگي و ايجاد شعبه و ... <\/p>", "lat": 35.765006, "long": 51.411611, "color": "#8EFFB1", "group": "2" }, "geometry": { "type": "Point", "coordinates": [ 51.411611, 35.765006 ] } },
{ "type": "Feature", "properties": { "name": "پتروشیمی فجر", "Board_Members_info": "<p>شرکت صنایع پتروشیمی خلیج فارس-- نایب رئیس هیئت مدیره<\/p><p> شرکت پتروشیمی مبین-- عضو هیئت مدیره<\/p><p> شرکت مدیریت توسعه صنایع پتروشیمی-- عضو هیئت مدیره<\/p><p> شرکت  پتروشیمی بندرامام-- عضو هیئت مدیره<\/p><p> شرکت سرمایه گذاری عدالت استان مازندارن-- رئیس هیئت مدیره<\/p>", "Shareholders_info": "<p>شرکت صنایع پتروشیمی خلیج فارس )سهامی عام (بخش 16, 12.30<\/p><p> شرکت صنایع پتروشیمی خلیج فارس )سهامی عام (بخش 15, 12.30<\/p><p> شرکت صنایع پتروشیمی خلیج فارس )سهامی عام (بخش 1, 10.48<\/p><p> شرکت صنایع پتروشیمی خلیج فارس )سهامی عام (, 10.07<\/p><p> شرکت صنایع پتروشیمی خلیج فارس )سهامی عام (بخش 18, 7.69<\/p><p> شرکت صنایع پتروشیمی خلیج فارس )سهامی عام (بخش 17, 7.69<\/p><p> شرکت س اتهران س .خ )م ک م ف ع (, 3.05<\/p><p> شرکت س اخراسان رضوی س .خ )م ک م ف ع (, 2.43<\/p><p> شرکت س افارس س .خ )م ک م ف ع (, 2.06<\/p><p> شرکت س ااصفهان س .خ )م ک م ف ع (, 1.88<\/p><p> شرکت س اخوزستان س .خ )م ک م ف ع (, 1.84<\/p><p> شرکت س اآذربایجان شرقی س .خ )م ک م ف ع (, 1.55<\/p><p> شرکت س امازندران س .خ )م ک م ف ع (, 1.45<\/p><p> شرکت س اکرمان س .خ )م ک م ف ع (, 1.41<\/p><p> شرکت س اگیلان س .خ )م ک م ف ع (, 1.30<\/p><p> شرکت س اآذربایجان غربی س .خ )م ک م ف ع (, 1.13<\/p><p> شرکت س اسیستان وبلوچستان س .خ )م ک م ف ع (, 1.09<\/p>", "Contact_info": "<p> مدیر عامل :   عليرضا شميم <\/p><p>  تلفن شرکت :   06152121918- 06152171118- 02188712948 <\/p><p>  فکس شرکت :   06152121546- 06152121511- 02188554776 <\/p><p> پست الکترونیکی :  info@fajrco.com <\/p><p> آدرس سایت :   www.fajrco.com<\/p><p> آدرس شرکت :   تهران ، خيابان احمد قصير ( بخارست ) ، کوچه 5 ، پلاک 22 ، ساختمان پتروشيمي بين الملل ، طبقه 2 ، واحد 9 <\/p><p> آدرس کارخانه :   استان خوزستان ،  شهرستان بندرامام خميني (ره) ، منطقه ويژه اقتصادي پتروشيمي ، سايت 2 و 4 - کد پستي 6357136345 <\/p><p> زمینه فعالیت :    فعاليت شرکت توليد و توزيع سرويس هاي جانبي ( برق،  بخار، اکسيژن، نيتروژن، آرگون ، و انواع هواي فشرده وسرويس ،آبهاي صنعتي و تصفيه پساب هاي صنعتي و .. ) جهت مصارف ساير شرکتهاي مستقر در منطقه ويژه اقتصادي پتروشيمي واقع در شهرستان بندرامام خميني ( ره) استان خوزستان مي باشد\n <\/p>", "lat": 35.730712, "long": 51.41697, "color": "#8EFFB1", "group": "2" }, "geometry": { "type": "Point", "coordinates": [ 51.41697, 35.730712 ] } },
{ "type": "Feature", "properties": { "name": "پتروشیمی فناوران", "Board_Members_info": "<p>شرکت سرمایه گذاری نفت و گاز و پتروشیمی تامین-- نایب رئیس هیئت مدیره<\/p><p> شرکت سرمایه گذاری تامین اجتماعی-- رئیس هیئت مدیره<\/p><p> شرکت سرمایه گذاری صبا تامین-- عضو هیئت مدیره<\/p><p> شرمایه گذاری صندوق بازنشستگی کشوری-- عضو هیئت مدیره<\/p><p> گروه پتروشیمی تابان فردا-- عضو هیئت مدیره<\/p>", "Shareholders_info": "<p>شرکت سرمایه گذاری نفت وگازوپتروشیمی تامین )س .ع, 48.49<\/p><p> شرکت گروه پتروشیمی تابان فردا)سهامی عام (, 16.31<\/p><p> شرکت سرمایه گذاری صندوق بازنشستگی کشوری )سهامی, 16.26<\/p><p> شرکت سرمایه گذاری خوارزمی )سهامی عام (, 3.67<\/p><p> شرکت سرمایه گذاری صباتامین )سهامی عام (, 2.56<\/p><p> شرکت سرمایه گذاری آتیه صبا)سهامی خاص (, 2.44<\/p><p> شرکت سهامی بیمه ایران )سهامی خاص (, 1.76<\/p><p> شرکت سرمایه گذاری هامون سپاهان )سهامی عام (, 1.10<\/p><p> شرکت سرمایه گذاری ملی ایران )سهامی عام (, 1.09<\/p><p> شرکت سرمایه گذاری صنایع پتروشیمی, 1.00<\/p>", "Contact_info": "<p> مدیر عامل :   علي نظرپور <\/p><p>  تلفن شرکت :   88886030-02188789791 <\/p><p>  فکس شرکت :   02188881400 <\/p><p> پست الکترونیکی :   - <\/p><p> آدرس سایت :   www.fnpcc.com<\/p><p> آدرس شرکت :   تهران - گاندي جنوبي - خيابان 7 (پاليزواني) - پلاک 18 <\/p><p> آدرس کارخانه :   منطقه ويژه پتروشيمي ماهشهر - سايت 3<\/p><p> زمینه فعالیت :   موضوع فعاليت شرکت، به موجب ماده 2 اساسنامه عمدتاً عبارتست از: احداث ,راه اندازي و بهره برداري کارخانجات صنعتي به منظور توليد، بازاريابي، فروش، صدور محصولات پتروشيمي، واردات و صادرات وتبديل کليه مواد پتروشيمي و پتروشيميايي  و فرآورده هاي فرعي و مشتقات ذيربط آنها و انجام کليه  فعاليتهاي توليدي و صنعتي،  بازرگاني، فني و مهندسي که بطور مستقيم و يا غير مستقيم مربوط به عمليات مذکور مي باشد با رعايت قوانين و مقررات مربوطه . \n به موجب پروانه بهره برداري شماره 16652-06 مورخ 16\/11\/1384 و 15638-06 مورخ 01\/08\/1385 که توسط وزارت صنايع و معادن صادر شده بهره برداري از واحدهاي توليدي شرکت به شرح زير آغاز شده است: \n\nنام واحد \tتاريخ بهره برداري طبق پروانه \tظرفيت اسمي  (تن )\tتاريخ بهره برداري رسمي \nمتانول \t           1384\/11\/16\t                          1.000.000\t        1383\/03\/31\nاسيد استيک            01\/08\/1385                                       150.000\t                             1385\/09\/01  \nمنواکسيد کربن         01\/08\/1385\t                          140.000\t                             1385\/05\/01\n\n <\/p>", "lat": 35.749395, "long": 51.413077, "color": "#8EFFB1", "group": "2" }, "geometry": { "type": "Point", "coordinates": [ 51.413077, 35.749395 ] } },
{ "type": "Feature", "properties": { "name": "پتروشیمی مبین", "Board_Members_info": "<p>شرکت مدیریت توسعه صنایع پتروشیمی-- عضو هیئت مدیره<\/p><p> شرکت پتروشیمی نوری-- عضو هیئت مدیره<\/p><p> شرکت عملیات غیر صنعتی پازارگاد-- عضو هیئت مدیره<\/p><p> شرکت پتروشیمی فجر-- رئیس هیئت مدیره<\/p><p> شرکت صنایع پتروشیمی خلیج فارس-- نایب رئیس هیئت مدیره<\/p>", "Shareholders_info": "<p>شرکت صنایع پتروشیمی خلیج فارس )سهامی عام (بخش 14, 6.67<\/p><p> شرکت صنایع پتروشیمی خلیج فارس )سهامی عام (بخش 3, 6.66<\/p><p> شرکت صنایع پتروشیمی خلیج فارس )سهامی عام (بخش 4, 6.66<\/p><p> شرکت صنایع پتروشیمی خلیج فارس )سهامی عام (بخش 5, 6.66<\/p><p> شرکت صنایع پتروشیمی خلیج فارس )سهامی عام (بخش 7, 6.66<\/p><p> شرکت صنایع پتروشیمی خلیج فارس )سهامی عام (بخش 8, 6.66<\/p><p> شرکت صنایع پتروشیمی خلیج فارس )سهامی عام (بخش 9, 6.66<\/p><p> شرکت صنایع پتروشیمی خلیج فارس )سهامی عام (بخش 10, 6.66<\/p><p> شرکت صنایع پتروشیمی خلیج فارس )سهامی عام (بخش 11, 6.66<\/p><p> شرکت صنایع پتروشیمی خلیج فارس )سهامی عام (بخش 12, 6.66<\/p><p> شرکت صنایع پتروشیمی خلیج فارس )سهامی عام (بخش 13, 6.66<\/p><p> شرکت صنایع پتروشیمی خلیج فارس )سهامی عام (بخش 2, 6.41<\/p><p> شرکت صنایع پتروشیمی خلیج فارس )سهامی عام (بخش 6, 3.09<\/p><p> شرکت توسعه ومدیریت سرمایه صبا)سهامی خاص (, 1.27<\/p>", "Contact_info": "<p> مدیر عامل :   جمشيد سبزکار <\/p><p>  تلفن شرکت :   02188200454-8 <\/p><p>  فکس شرکت :   02188200459 <\/p><p> پست الکترونیکی :  info@mobinpc.ir <\/p><p> آدرس سایت :   www.mobinpc.ir<\/p><p> آدرس شرکت :   تهران:خيابان وليعصر بالاتر از ميدان ونک خيابان دامن افشار پلاک 50 <\/p><p> آدرس کارخانه :   استان بوشهر-شهرستان عسلويه-منطقه ويژه اقتصادي انرژي پارس-سايت شرکت پتروشيمي مبين-کد پستي 46484-75391 <\/p><p> زمینه فعالیت :   فعاليت شرکت توليد و توزيع سرويس هاي جانبي ( برق، بخار، اکسيژن، نيتروژن، و انواع هواي فشرده وسرويس ،آبهاي صنعتي و تصفيه پساب هاي صنعتي و .. ) جهت مصارف ساير شرکتهاي مستقر در منطقه ويژه اقتصادي پتروشيمي واقع در شهرستان عسلويه، استان بوشهر مي باشد. <\/p>", "lat": 35.762194, "long": 51.410995, "color": "#8EFFB1", "group": "2" }, "geometry": { "type": "Point", "coordinates": [ 51.410995, 35.762194 ] } },
{ "type": "Feature", "properties": { "name": "پتروشیمی پردیس", "Board_Members_info": "<p>شرکت سرمایه گذاری غدیر-- رئیس هیئت مدیره<\/p><p> شرکت گسترش نقت و گاز پارسیان-- عضو هیئت مدیره<\/p><p> شرکت بازرگانی پتروشیمی-- نایب رئیس هیئت مدیره<\/p><p> آقای بهمن زمانی قراقوشی-- مدیرعامل و عضو هیئت مدیره<\/p><p> شرکت خدمات مدیریت هامون سپاهان(سهامی خاص)-- عضو هیئت مدیره<\/p><p> بازرگانی تجارت هامون سپاهان(سهامی خاص)-- عضو هیئت مدیره<\/p>", "Shareholders_info": "<p>شرکت گروه گسترش نفت وگازپارسیان )سهامی عام (, 38.81<\/p><p> شرکت گسترش نفت وگازپارسیان )سهامی خاص (بخش 1, 19.66<\/p><p> شرکت بازرگانی پتروشیمی )سهامی خاص (, 16.71<\/p><p> شرکت گسترش نفت وگازپارسیان )سهامی خاص (بخش 2, 8.32<\/p><p> شرکت سرمایه گذاری هامون سپاهان )سهامی عام (, 2.46<\/p><p> شرکت توسعه ومدیریت سرمایه صبا)سهامی خاص (, 1.66<\/p><p> شرکت سرمایه گذاری سپه )سهامی عام (, 1.26<\/p><p> بانک تجارت, 1.17<\/p><p> شرکت گروه مالی ملت )سهام عام (, 1.05<\/p>", "Contact_info": "<p> مدیر عامل :   آقاي بهمن زماني قراقوشي <\/p><p>  تلفن شرکت :   88603496-88064188 <\/p><p>  فکس شرکت :   88603500-2 <\/p><p> پست الکترونیکی :  info@paupc.com <\/p><p> آدرس سایت :   http:\/\/www.paupc.ir\/<\/p><p> آدرس شرکت :   ملاصدرا خيابان شيخ بهائي شمالي کوچه عرفي شيرازي پلاک 7 <\/p><p> آدرس کارخانه :   عسلويه سه راه پتروشيمي <\/p><p> زمینه فعالیت :   احداث، راه اندازي و بهره برداري کارخانهجات صنعتي به منظور توليد، بازاريابي، فروش ، صدور محصولات پتروشيمي، ذخيره و صادرات و تبديل کليه مواد پتروشيمي و پتروشيمايي و فرآورده هاي فرعي و مشتقات ذيربط <\/p>", "lat": 35.706339, "long": 51.427263, "color": "#8EFFB1", "group": "2" }, "geometry": { "type": "Point", "coordinates": [ 51.427263, 35.706339 ] } },
{ "type": "Feature", "properties": { "name": "پتروشیمی‌ آبادان‌", "Board_Members_info": "<p>شرکت تولیدی پلیمرهای صنعتی پولیکا نوین-- عضو هیئت مدیره<\/p><p> شرکت پتروسینا-- رئیس هیئت مدیره<\/p><p> شرکت سرمایه گذاری نفت وگاز وپتروشیمی تامین(تاپیکو) (سهامی عام)-- نایب رئیس هیئت مدیره<\/p><p> شرکت سرمایه گذاری صندوق بازشستگی کشوری(سهامی عام)-- عضو هیئت مدیره<\/p><p> مسعود جبرائیلی-- مدیرعامل و عضو هیئت مدیره<\/p><p> شرکت توسعه تجارت تامین اجتماعی (سهامی خاص)-- عضو هیئت مدیره<\/p>", "Shareholders_info": "<p>شرکت سرمایه گذاری نفت وگازوپتروشیمی تامین )س .ع, 58.52<\/p><p> شرکت سرمایه گذاری صندوق بازنشستگی کشوری )سهامی, 12.67<\/p><p> بیمه مرکزی ایران, 4.50<\/p><p> شرکت تولیدی پلیمرهای صنعتی پولیکانوین (سهامی خ, 3.58<\/p><p> کارگزاری بورس بیمه ایران, 3.29<\/p><p> شرکت کشت وصنعت سبزپاسارگاد)سهامی خاص (, 1.82<\/p><p> شرکت سهامی بیمه ایران )سهامی خاص (, 1.58<\/p>", "Contact_info": "<p> مدیر عامل :   مسعود جبرائيلي <\/p><p>  تلفن شرکت :   02122656082,02122253010 <\/p><p>  فکس شرکت :   06313330700 <\/p><p> پست الکترونیکی :  info@abadan-petro.com <\/p><p> آدرس سایت :   abadan-petro.com<\/p><p> آدرس شرکت :   ايران- تهران خيابان  مير داماد خيابان نفت شمالي پلاک 6 کد پستي 1918983553 <\/p><p> آدرس کارخانه :   آبادان- کوي مطهري (بريم) صندوق پستي 138 <\/p><p> زمینه فعالیت :   شرکت سهامي پتروشيمي آبادان\nدر اواخر سال 1342 انستيتو نفت فرانسه از طريق سازمان برنامه و بودجه مأمور شد تا در مکان ايجاد صنايع پتروشيمي در ايران مطالعات جامعي انجام دهد. اين مطالعات موجب تأسيس شرکت سهامي پتروشيمي آبادان با مشارکت 74 درصد سهم شرکت ملي صنايع پتروشيمي و 26 درصد سهم شرکت ب.اف.گودريج آمريکا شد.\n <\/p>", "lat": 35.761173, "long": 51.428487, "color": "#8EFFB1", "group": "2" }, "geometry": { "type": "Point", "coordinates": [ 51.428487, 35.761173 ] } },
{ "type": "Feature", "properties": { "name": "پتروشیمی‌ خارک‌", "Board_Members_info": "<p>شرکت سرمایه گذاری تامین اجتماعی-- عضو هیئت مدیره<\/p><p> شرکت سرمایه گذاری نفت گاز وپتروشیمی تامین-- نایب رئیس هیئت مدیره<\/p><p> شرکت سرمایه گذاری صندوق بازنشستگی کشوری-- عضو هیئت مدیره<\/p><p> شرکت گروه توسعه مالی مهرآیندگان(سهامی عام)-- عضو هیئت مدیره<\/p><p> شرکت گروه پتروشیمی تابان فردا(سهامی عام)-- رئیس هیئت مدیره<\/p><p> غلامرضا امیرشقاقی-- مدیرعامل و عضو هیئت مدیره<\/p>", "Shareholders_info": "<p>شرکت گروه پتروشیمی تابان فردا)سهامی عام (, 31.03<\/p><p> شرکت سرمایه گذاری نفت وگازوپتروشیمی تامین )س .ع, 18.52<\/p><p> موسسه صندوق بازنشستگی ٹوظیفه ٹازکارافتادگی وپ, 9.82<\/p><p> صندوق بازنشستگی کشوری, 9.78<\/p><p> شرکت سرمایه گذاری صندوق بازنشستگی کشوری )سهامی, 7.26<\/p><p> صندوقهای ب -پ -کارکنان شرکت ملی نفت, 5.15<\/p><p> شرکت پتروشیمی فن آوران )سهامی عام (, 4.26<\/p><p> شرکت گروه توسعه مالی مهرآیندگان )سهامی عام (, 1.94<\/p><p> شرکت سرمایه گذاری خوارزمی )سهامی عام (, 1.03<\/p><p> شرکت سهامی بیمه ایران )سهامی خاص (, 1.00<\/p>", "Contact_info": "<p> مدیر عامل :   غلامرضا اميرشقاقي <\/p><p>  تلفن شرکت :   02122816103 <\/p><p>  فکس شرکت :   02122806606 <\/p><p> پست الکترونیکی :  kpc@khipc.com <\/p><p> آدرس سایت :   www.khargpetrochemical.ir<\/p><p> آدرس شرکت :   تهران ، خ ديباجي شمالي ، خ دژم جو ، پلاک 40<\/p><p> آدرس کارخانه :   - <\/p><p> زمینه فعالیت :   احداث بهره برداري و توليد و صدور انواع محصولات پتروشيمي همانند پروپان بوتان نفتا گوگرد متانول. <\/p>", "lat": 35.798094, "long": 51.463186, "color": "#8EFFB1", "group": "2" }, "geometry": { "type": "Point", "coordinates": [ 51.463186, 35.798094 ] } },
{ "type": "Feature", "properties": { "name": "پتروشیمی‌شیراز", "Board_Members_info": "<p>شرکت بازرگانی مدبران اقتصاد-- نایب رئیس هیئت مدیره<\/p><p> گروه پتروشیمی سرمایه گذاری ایرانیان-- عضو هیئت مدیره<\/p><p> شرکت سرمایه گذاری هامون سپاهان-- عضو هیئت مدیره<\/p><p> شرکت گروه گسترش نفت وگاز پارسیان-- رئیس هیئت مدیره<\/p><p> شرکت بازرگانی و تجارت هامون سپاهان-- عضو هیئت مدیره<\/p>", "Shareholders_info": "<p>شرکت گروه گسترش نفت وگازپارسیان )س .ع (بخش 4, 19.41<\/p><p> شرکت سرمایه گذاری مدبران اقتصاد)س .خ (بخش 1, 17.23<\/p><p> شرکت سرمایه گذاری مدبران اقتصاد)سهامی خاص (, 13.27<\/p><p> شرکت گروه گسترش نفت وگازپارسیان )سهامی عام (, 12.64<\/p><p> شرکت گسترش نفت وگازپارسیان )سهامی خاص (بخش 2, 9.80<\/p><p> شرکت گسترش نفت وگازپارسیان )سهامی خاص (بخش 3, 9.80<\/p><p> شرکت سرمایه گذاری هامون سپاهان )سهامی عام (, 2.54<\/p><p> شرکت گروه پتروشیمی سرمایه گذاری ایرانیان )سهام, 2.20<\/p><p> صندوق بازنشستگی کشوری, 1.81<\/p><p> بانک تجارت, 1.76<\/p>", "Contact_info": "<p> مدیر عامل :   عبدالرحيم قنبريان <\/p><p>  تلفن شرکت :   07132330091-07136248186 <\/p><p>  فکس شرکت :   07132355006 - 07136248186 <\/p><p> پست الکترونیکی :  info@spc-ir.com <\/p><p> آدرس سایت :   www.spc.co.ir<\/p><p> آدرس شرکت :   شيراز -خيابان معالي آباد -جنب پارک ملت - بلوک53\/151 <\/p><p> آدرس کارخانه :   فارس- شيراز- مرودشت - کيلومتر پنج جاده پل خان سد درود زن <\/p><p> زمینه فعالیت :   احداث،راه اندازي وبهره برداري کارخانجات صنعتي به منظور توليد ،بازاريابي،فروش،صدور محصولات پتروشيمي،ذخيره،واردات و صادرات و تبديل کليه مواد معدني،شيميايي و پتروشيميايي و فراوردهاي فرعي ومشتقات ذيربط آنها <\/p>", "lat": 35.749928, "long": 51.407964, "color": "#8EFFB1", "group": "2" }, "geometry": { "type": "Point", "coordinates": [ 51.407964, 35.749928 ] } },
{ "type": "Feature", "properties": { "name": "پتروشیمی‌فارابی‌", "Board_Members_info": "<p>پتروشیمی فن آوران-- نایب رئیس هیئت مدیره<\/p><p> پتروشیمی امیرکبیر-- عضو هیئت مدیره<\/p><p> شرکت سرمایه گذاری نفت گاز و پتروشیمی-- عضو هیئت مدیره<\/p><p> بانک رفاه-- عضو هیئت مدیره<\/p><p> توسعه تجارت تامین اجتماعی-- رئیس هیئت مدیره<\/p>", "Shareholders_info": "<p>شرکت پتروشیمی فن آوران )سهامی عام (, 48.70<\/p><p> شرکت پتروشیمی امیرکبیر)سهامی عام (, 43.74<\/p><p> شرکت سرمایه گذاری نفت وگازوپتروشیمی تامین )س .ع, 1.29<\/p>", "Contact_info": "<p> مدیر عامل :   سيد ابراهيم سقائي مقدم فومني <\/p><p>  تلفن شرکت :   88776477 <\/p><p>  فکس شرکت :   88776475 <\/p><p> پست الکترونیکی :  info@farabipetrococo.com <\/p><p> آدرس سایت :   www.farabipetroco.com<\/p><p> آدرس شرکت :   تهران - گاندي شمالي - خيابان شهيد صانعي پلاک 18 <\/p><p> آدرس کارخانه :   بندر امام خميني <\/p><p> زمینه فعالیت :   توليد PAF و DOP <\/p>", "lat": 35.758528, "long": 51.41252, "color": "#8EFFB1", "group": "2" }, "geometry": { "type": "Point", "coordinates": [ 51.41252, 35.758528 ] } },
{ "type": "Feature", "properties": { "name": "گروه پتروشیمی س. ایرانیان", "Board_Members_info": "<p>پتروشیمی مبین-- نایب رئیس هیئت مدیره<\/p><p> مدیریت توسعه صنایع پتروشیمی-- عضو هیئت مدیره<\/p><p> صنایع پتروشیمی خلیج فارس-- رئیس هیئت مدیره<\/p><p> گروه توسعه مالی مهر آیندگان-- عضو هیئت مدیره<\/p><p> پتروشیمی بندر امام-- عضو هیئت مدیره<\/p>", "Shareholders_info": "<p>شرکت صنایع پتروشیمی خلیج فارس )سهامی عام (, 10.98<\/p><p> شرکت صنایع پتروشیمی خلیج فارس )سهامی عام (بخش 2, 6.75<\/p><p> شرکت صنایع پتروشیمی خلیج فارس )سهامی عام (بخش 3, 6.75<\/p><p> شرکت صنایع پتروشیمی خلیج فارس )سهامی عام (بخش 4, 6.75<\/p><p> شرکت صنایع پتروشیمی خلیج فارس )سهامی عام (بخش 5, 6.75<\/p><p> شرکت صنایع پتروشیمی خلیج فارس )سهامی عام (بخش 1, 4.25<\/p><p> شرکت گروه توسعه مالی مهرآیندگان )سهامی عام (, 4.07<\/p><p> شرکت صنایع پتروشیمی خلیج فارس )سهامی عام (بخش 9, 4.00<\/p><p> شرکت صنایع پتروشیمی خلیج فارس )سهامی عام (بخش 10, 4.00<\/p><p> شرکت صنایع پتروشیمی خلیج فارس )سهامی عام (بخش 7, 4.00<\/p><p> شرکت صنایع پتروشیمی خلیج فارس )سهامی عام (بخش 8, 4.00<\/p><p> شرکت صنایع پتروشیمی خلیج فارس )سهامی عام (بخش 6, 4.00<\/p><p> شرکت طراحان فرازسپهر)سهامی خاص (, 3.33<\/p><p> شرکت سرمایه گذاری مدبران اقتصاد)سهامی خاص (, 3.29<\/p><p> شرکت صنایع پتروشیمی خلیج فارس )سهامی عام (بخش 11, 3.00<\/p><p> شرکت پتروشیمی مبین )سهامی عام (, 2.85<\/p><p> شرکت توسعه انرژی پتروشیمی ایرانیان )سهامی خاص (, 2.80<\/p><p> شرکت گروه توسعه مالی مهرآیندگان )س .عام (بخش 1, 2.50<\/p><p> شرکت توسعه انرژی پتروشیمی ایرانیان بخش 1, 2.50<\/p><p> شرکت گروه مالی ملت )سهام عام (, 1.31<\/p>", "Contact_info": "<p> مدیر عامل :   سيد ابوالحسن  سيد خاموشي<\/p><p>  تلفن شرکت :   02188645435-36 <\/p><p>  فکس شرکت :   02188645425 <\/p><p> پست الکترونیکی :  info@iipgc.com <\/p><p> آدرس سایت :   www.iipgc.com<\/p><p> آدرس شرکت :   خ وليعصر -بالاتر از خيابان شهيد وحيد دستگردي نبش خيابان ناصري پلاک2551ساختمان کيان طبقه 11 واحد3 <\/p><p> آدرس کارخانه :   - <\/p><p> زمینه فعالیت :   سرمايه گذاري <\/p>", "lat": 35.706913, "long": 51.416994, "color": "#8EFFB1", "group": "2" }, "geometry": { "type": "Point", "coordinates": [ 51.416994, 35.706913 ] } },
{ "type": "Feature", "properties": { "name": "Bank Ansar", "Board_Members_info": "<p>آيت الله ابراهيمي-- نایب رئیس هیئت مدیره<\/p><p> آيت الله ابراهيمي-- مدیرعامل و عضو هیئت مدیره<\/p><p> يحيي فروتن-- عضو هیئت مدیره<\/p><p> محمود رهنما-- رئیس هیئت مدیره<\/p><p> سيد عليرضا سعيد مدني-- عضو هیئت مدیره<\/p><p> اصغر ابوالحسني هستياني-- عضو هیئت مدیره<\/p>", "Shareholders_info": "<p>شركت ارتباطات سيارايران )سهامي عام (, 10.00<\/p><p> شركت سرمايه گذاري نگين خاتم ايرانيان )سهامي عام, 10.00<\/p><p> شركت سرمايه گذاري يمين )سهامي عام (, 10.00<\/p><p> شركت سرمايه گذاري گنجينه شايستگان )سهامي عام (, 10.00<\/p><p> شركت شهريارمهستان )سهامي عام (, 8.85<\/p><p> شركت سرمايه گذاري توسعه اعتماد)سهامي عام (, 8.57<\/p><p> موسسه صندوق بيمه اجتماعي روستائيان وعشاير, 6.16<\/p><p> شركت سرمايه گذاري سيماي توسعه كار)سهامي خاص (, 5.00<\/p><p> شركت سرمايه گذاري سامان مجد)سهامي خاص (, 4.97<\/p><p> BFMصندوق سرمايه گذاري .ا.بازارگرداني آرمان ان, 3.49<\/p><p> صندوق بازنشستگي صداوسيماي جمهوري اسلامي ايران, 1.82<\/p>", "Contact_info": "<p> مدیر عامل :   آيت الله ابراهيمي <\/p><p>  تلفن شرکت :   22815280-5 <\/p><p>  فکس شرکت :   22810046 <\/p><p> پست الکترونیکی :  info@AnsarBank.ir <\/p><p> آدرس سایت :   www.AnsarBank.ir<\/p><p> آدرس شرکت :   تهران، خيابان پاسداران شمالي، نرسيده به صاحبقرانيه پلاک 539 <\/p><p> آدرس کارخانه :   - <\/p><p> زمینه فعالیت :   ماده3 اساسنامه- بانک در چارچوب قانون پولي و بانکي کشور، قانون عمليات بانکي بدون ربا و ساير قوانين ذي ربط، مقررات ناظر بر عمليات مجاز بانکي و ساير مصوبات شوراي پول و اعتبار و دستورات بانک مرکزي جمهوري اسلامي ايران و با اخذ مجوزهاي لازم، مجاز به انجام فعاليت هاي ذيل مي باشد:\n3-1- قبول سپرده\nو... <\/p>", "lat": 35.801487, "long": 51.474081, "color": "#380DFF", "group": "1" }, "geometry": { "type": "Point", "coordinates": [ 51.474081, 35.801487 ] } },
{ "type": "Feature", "properties": { "name": "Bank Eghtesad-e Novin", "Board_Members_info": "<p>فرهاد عربلو-- نایب رئیس هیئت مدیره<\/p><p> اصغر پور متين-- عضو هیئت مدیره<\/p><p> نصرت اله شهبازي-- عضو هیئت مدیره<\/p><p> سيامک دولتي-- رئیس هیئت مدیره<\/p><p> نصرت الله روشن ضمير-- عضو هیئت مدیره<\/p><p> نصرت الله روشن ضمير-- مدیرعامل و عضو هیئت مدیره<\/p>", "Shareholders_info": "<p>شركت سرمايه گذاري ساختمان ايران )سهامي عام (, 9.45<\/p><p> شركت ساختماني گروه صنايع بهشهرتهران )سهامي خاص, 8.61<\/p><p> شركت تامين مسكن جوانان )سهامي عام (, 8.44<\/p><p> شركت سرمايه گذاري گروه صنايع بهشهرايران )سهامي, 7.49<\/p><p> شركت نوسازي وساختمان تهران )نوسا()سهامي عام (, 6.69<\/p><p> شركت سرمايه گذاري سامانه استراتوس )سهامي عام (, 6.55<\/p><p> شركت مديريت صنعت قندتوسعه صنايع بهشهر)سهامي عا, 5.53<\/p><p> شركت به پخش )سهامي عام (, 4.92<\/p><p> شركت سرآمدصنايع بهشهر)سهامي خاص (, 4.05<\/p><p> شركت به پخش )سهامي عام (بخش 1, 3.80<\/p><p> شركت مديريت طرح وتوسعه آينده پويا)سهامي خاص (, 3.76<\/p><p> شركت تامين مسكن نوين )سهامي عام (, 3.74<\/p><p> شركت صنعتي بهپاك )سهامي عام (, 2.89<\/p><p> شركت مهندسي توسعه شهري فراز)سهامي خاص (, 2.83<\/p><p> شركت پشتيبان ايجادساختمان )سهامي خاص (, 2.31<\/p><p> شركت گروه مالي بانك پارسيان )سهامي خاص (, 2.10<\/p><p> شركت سرمايه گذاري صندوق بازنشستگي كشوري )سهامي, 2.09<\/p><p> صندوق بازنشستگي كشوري, 1.55<\/p>", "Contact_info": "<p> مدیر عامل :   حسن معتمدي <\/p><p>  تلفن شرکت :   +982182330000 <\/p><p>  فکس شرکت :   +982182331482 <\/p><p> پست الکترونیکی :  info@enbank.ir <\/p><p> آدرس سایت :   www.enbank.ir<\/p><p> آدرس شرکت :   تهران- خيابان وليعصر- تقاطع نيايش- بلوار اسفندياري- شماره 24 <\/p><p> آدرس کارخانه :   - <\/p><p> زمینه فعالیت :   افتتاح و نگهداري انواع حساب و کارت‌هاي مجاز، تحصيل يا اعطاي انواع تسهيلات و اعتبار، نقل و انتقالات وجوه، انجام کليه عمليات ارزي، صدور انواع اعتبار اسنادي، اعتبارنامه يا تعهدنامه و گواهي سپرده، کارگزاري في مابين بانک ها و مؤسسات مالي و اعتباري و به طور کلي انجام کليه عمليات موضوع فعاليت بانکها در چارچوب مقررات جاري کشور <\/p>", "lat": 35.770657, "long": 51.41809, "color": "#380DFF", "group": "1" }, "geometry": { "type": "Point", "coordinates": [ 51.41809, 35.770657 ] } },
{ "type": "Feature", "properties": { "name": "Bank Karafarin", "Board_Members_info": "<p>شرکت سرمايه گذاري تدبير-- عضو هیئت مدیره<\/p><p> عطا اله آيت الهي-- عضو هیئت مدیره<\/p><p> عطا اله آيت الهي-- مدیرعامل و عضو هیئت مدیره<\/p><p> شرکت کاروانديشه جنوب-- عضو هیئت مدیره<\/p><p> شرکت توسعه اقتصاد فردا-- عضو هیئت مدیره<\/p><p> شرکت بيمه کارآفرين-- عضو هیئت مدیره<\/p><p> شرکت قندلرستان-- عضو هیئت مدیره<\/p><p> شرکت ايده گستر دورانديش-- عضو هیئت مدیره<\/p>", "Shareholders_info": "<p>شركت سرمايه گذاري صباتامين )سهامي عام (, 8.87<\/p><p> شركت بيمه كارآفرين, 7.57<\/p><p> شخص حقیقی, 5.00<\/p><p> شركت مهرآفرينان دوران )سهامي خاص (, 4.99<\/p><p> شركت سرمايه گذاري تدبير)سهامي خاص (, 4.99<\/p><p> شركت توسعه اقتصادفردا)سهامي خاص (, 4.98<\/p><p> شركت نگين گنجينه ايرانيان )سهامي خاص (, 4.98<\/p><p> شركت ايده گستردورانديش )سهامي خاص (, 4.94<\/p><p> شخص حقیقی, 4.81<\/p><p> شخص حقیقی, 3.90<\/p><p> شركت كشاورزي مدبركشت توس )سهامي خاص (, 3.51<\/p><p> شركت توسعه اقتصادآينده سازان )سهامي خاص (, 2.49<\/p><p> شخص حقیقی, 2.19<\/p><p> شخص حقیقی, 2.09<\/p><p> شركت سرزمين پهناورمهر)سهامي خاص (, 1.57<\/p><p> شخص حقیقی, 1.48<\/p><p> شركت كاروانديشه جنوب بامسئوليت محدود, 1.24<\/p><p> شخص حقیقی, 1.12<\/p><p> موسسه رفاه وتامين آتيه اميد, 1.11<\/p><p> شركت گروه مالي بانك پارسيان )سهامي خاص (, 1.05<\/p><p> شخص حقیقی, 1.03<\/p><p> شخص حقیقی, 1.03<\/p><p> شخص حقیقی, 1.00<\/p>", "Contact_info": "<p> مدیر عامل :   عطا اله آيت الهي <\/p><p>  تلفن شرکت :   5-26215000 <\/p><p>  فکس شرکت :   26214999 <\/p><p> پست الکترونیکی :  info@karafarinbank.com <\/p><p> آدرس سایت :   www.karafarinbank.com<\/p><p> آدرس شرکت :   خيابان وليعصر-روبروي پارک ملت-خيابان ناهيدغربي-پلاک 97 <\/p><p> آدرس کارخانه :   - <\/p><p> زمینه فعالیت :   فعاليتهاي مالي <\/p>", "lat": 35.779106, "long": 51.414797, "color": "#380DFF", "group": "1" }, "geometry": { "type": "Point", "coordinates": [ 51.414797, 35.779106 ] } },
{ "type": "Feature", "properties": { "name": "Bank Khavarmianeh", "Board_Members_info": "<p>خسرو نايبي اهرنجاني-- رئیس هیئت مدیره<\/p><p> پرويز عقيلي کرماني-- عضو هیئت مدیره<\/p><p> پرويز عقيلي کرماني-- مدیرعامل و عضو هیئت مدیره<\/p><p> امير دادخواه-- عضو هیئت مدیره<\/p><p> سيد حسين سليمي-- نایب رئیس هیئت مدیره<\/p><p> روزبه پيروز-- عضو هیئت مدیره<\/p><p> رضا سلطانزاده-- عضو هیئت مدیره<\/p><p> پرويز خاکپور-- عضو هیئت مدیره<\/p>", "Shareholders_info": "<p>شخص حقیقی, 4.09<\/p><p> شخص حقیقی, 3.21<\/p><p> شخص حقیقی, 3.00<\/p><p> بانك سامان )سهامي عام (, 2.82<\/p><p> سهام وث‹يقه نامه 950138960 نزدبانك خاورميانه, 2.37<\/p><p> شركت گروه توسعه مالي مهرآيندگان )سهامي عام (, 2.27<\/p><p> شخص حقیقی, 1.76<\/p><p> شخص حقیقی, 1.57<\/p><p> شركت سرمايه گذاري پارس توشه )سهامي عام (, 1.51<\/p><p> شركت سرمايه گذاري توسعه صنعتي ايران )سهامي عام (, 1.50<\/p><p> شخص حقیقی, 1.37<\/p><p> شخص حقیقی, 1.37<\/p><p> شخص حقیقی, 1.34<\/p><p> شخص حقیقی, 1.32<\/p><p> شخص حقیقی, 1.26<\/p><p> شركت بين المللي مديريت توسعه بهسود)سهامي خاص (, 1.14<\/p><p> شركت سام گروه )سهامي خاص (, 1.07<\/p><p> شركت گروه صنعتي سپاهان )سهامي عام (, 1.07<\/p><p> شركت سرمايه گذاري توسعه ملي )سهامي عام (, 1.05<\/p><p> شخص حقیقی, 1.02<\/p><p> شخص حقیقی, 1.02<\/p><p> شخص حقیقی, 1.00<\/p><p> شركت مهندسي وساختماني جهانپارس, 1.00<\/p><p> شركت شهرك صنايع دريايي ساحل اروند)سهامي خاص (, 1.00<\/p><p> شخص حقیقی, 1.00<\/p>", "Contact_info": "<p> مدیر عامل :   پرويز عقيلي کرماني <\/p><p>  تلفن شرکت :   42178000 <\/p><p>  فکس شرکت :   42178000 <\/p><p> پست الکترونیکی :  info@middleastbank.ir <\/p><p> آدرس سایت :   www.middleeastbank.ir<\/p><p> آدرس شرکت :   تهران خيابان احمد قصير(بخارست ) نبش خيابان پنجم  پلاک 2 <\/p><p> آدرس کارخانه :   - <\/p><p> زمینه فعالیت :   فعاليت بانک مطابق با ماده 3 اساسنامه مي باشد. <\/p>", "lat": 35.730808, "long": 51.417357, "color": "#380DFF", "group": "1" }, "geometry": { "type": "Point", "coordinates": [ 51.417357, 35.730808 ] } },
{ "type": "Feature", "properties": { "name": "Bank Mellat", "Board_Members_info": "<p>حسن روستا-- عضو هیئت مدیره<\/p><p> محمد بيگدلي-- رئیس هیئت مدیره<\/p><p> حميد تاجيک باغخواص-- عضو هیئت مدیره<\/p><p> هادي اخلاقي فيض آثار-- نایب رئیس هیئت مدیره<\/p><p> هادي اخلاقي فيض آثار-- مدیرعامل و عضو هیئت مدیره<\/p>", "Shareholders_info": "<p>شركت سرمايه گذاري صباتامين )سهامي عام (, 2.07<\/p><p> سازمان تامين اجتماعي بخش 4دارايي, 1.98<\/p><p> شركت س افارس س .خ )م ك م ف ع (, 1.89<\/p><p> شركت گروه مالي ملت )سهام عام (, 1.89<\/p><p> شركت س ااصفهان س .خ )م ك م ف ع (, 1.88<\/p><p> صندوق تامين آتيه كاركنان بانك ملت بخش 2, 1.87<\/p><p> شركت س اخوزستان س .خ )م ك م ف ع (, 1.84<\/p><p> شركت س اتهران س .خ )م ك م ف ع (بخش 1دارائي, 1.84<\/p><p> دولت جمهوري اسلامي بخش 1دارايي )معاف ازماليات (, 1.83<\/p><p> سازمان تامين اجتماعي بخش 3دارايي, 1.82<\/p><p> شركت گروه مالي ملت )سهامي عام (بخش 1, 1.72<\/p><p> شركت تعاوني معين آتيه خواهان, 1.65<\/p><p> شركت سرمايه گذاري مدبران اقتصاد)سهامي خاص (, 1.65<\/p><p> دولت جمهوري اسلامي بخش 4دارايي )معاف ازماليات (, 1.62<\/p><p> صندوق تامين آتيه كاركنان بانك ملت, 1.61<\/p><p> شركت س اآذربايجان شرقي س .خ )م ك م ف ع (, 1.55<\/p><p> صندوق تامين آتيه كاركنان بانك ملت بخش 1, 1.51<\/p><p> دولت جمهوري اسلامي بخش 12دارايي )معاف ازماليات, 1.51<\/p><p> شركت س اخراسان رضوي س .خ )م ك م ف ع (, 1.49<\/p><p> شركت س امازندران س .خ )م ك م ف ع (, 1.45<\/p><p> صندوق تامين آتيه كاركنان بانك ملت )بخش 1دارايي (, 1.44<\/p><p> شركت س اكرمان س .خ )م ك م ف ع (, 1.41<\/p><p> شركت گروه توسعه مالي مهرآيندگان )سهامي عام (, 1.40<\/p><p> دولت جمهوري اسلامي بخش 13دارايي )معاف ازماليات, 1.40<\/p><p> دولت جمهوري اسلامي بخش 14دارايي )معاف ازماليات, 1.40<\/p><p> دولت جمهوري اسلامي بخش 11دارايي )معاف ازماليات, 1.40<\/p><p> شركت پخش سراسري ايران سهامي خاص, 1.39<\/p><p> شركت خدمات پشتيباني مهر78)سهامي خاص (, 1.36<\/p><p> دولت جمهوري اسلامي بخش 5دارايي )معاف ازماليات (, 1.33<\/p><p> دولت جمهوري اسلامي بخش 6دارايي )معاف ازماليات (, 1.33<\/p><p> BFMصندوق سرمايه گذاري .ا.بازارگرداني ملت, 1.33<\/p><p> شركت س اگيلان س .خ )م ك م ف ع (, 1.30<\/p><p> شركت سرمايه گذاري صباتامين )سهامي عام (بخش 7 __, 1.25<\/p><p> شركت سرمايه گذاري صباتامين )سهامي عام (بخش 8, 1.25<\/p><p> شركت تعاوني معين آتيه خواهان بخش 1, 1.25<\/p><p> دولت جمهوري اسلامي بخش 3دارايي )معاف ازماليات (, 1.24<\/p><p> شركت توسعه خدمات مديريت اهداف )سهامي عام (, 1.21<\/p><p> شركت س اتهران س .خ )م ك م ف ع (, 1.20<\/p><p> شركت شيرين عسل, 1.20<\/p><p> شركت سرمايه گذاري ملي ايران )سهامي عام (, 1.14<\/p><p> شركت س اآذربايجان غربي س .خ )م ك م ف ع (, 1.13<\/p><p> شركت س اسيستان وبلوچستان س .خ )م ك م ف ع (, 1.09<\/p><p> BFMصندوق سرمايه گذاري .ا.بازارگرداني ملت بخش 1, 1.00<\/p>", "Contact_info": "<p> مدیر عامل :   هادي اخلاقي فيض آثار <\/p><p>  تلفن شرکت :   00982182961 <\/p><p>  فکس شرکت :   00982182962911 <\/p><p> پست الکترونیکی :  info@bankmellat.ir <\/p><p> آدرس سایت :   www.bankmellat.ir<\/p><p> آدرس شرکت :   تهران، خيابان آيت ا... طالقاني، نبش خيابان فرصت، شماره 276 <\/p><p> آدرس کارخانه :   - <\/p><p> زمینه فعالیت :   1-افتتاح و نگهداري حساب سپرده قرض الحسنه جاري، پس انداز و حسابهاي سپرده سرمايه گذاري کوتاه مدت و بلند مدت و ساير حسابهاي مشابه و صدور انواع کارت\/ کارتهاي مجاز و صدور انواع گواهي سپرده.\n2-اعطاي انواع تسهيلات مالي و اعتباري به اشخاص حقيقي و حقوقي در قالب قوانين جاري کشور\n <\/p>", "lat": 35.706564, "long": 51.420785, "color": "#380DFF", "group": "1" }, "geometry": { "type": "Point", "coordinates": [ 51.420785, 35.706564 ] } },
{ "type": "Feature", "properties": { "name": "Bank Parsian", "Board_Members_info": "<p>سيد حسام شمس عالم-- عضو هیئت مدیره<\/p><p> عارف نوروزي-- نایب رئیس هیئت مدیره<\/p><p> هاشم يکه زارع-- رئیس هیئت مدیره<\/p><p> کورش پرويزيان-- عضو هیئت مدیره<\/p><p> کورش پرويزيان-- مدیرعامل و عضو هیئت مدیره<\/p><p> عباس خسرواني-- عضو هیئت مدیره<\/p><p> جواد شکرخواه-- عضو هیئت مدیره<\/p><p> حجت اله صيدي-- عضو هیئت مدیره<\/p>", "Shareholders_info": "<p>شركت سرمايه گذاري تدبير)سهامي خاص (, 8.03<\/p><p> شركت سرمايه گذاري سمند)سهامي خاص (, 5.71<\/p><p> شركت توسعه اقتصادآينده سازان )سهامي خاص (, 4.98<\/p><p> شركت ايده گستردورانديش )سهامي خاص (, 4.78<\/p><p> شركت گسترش سرمايه گذاري ايران خودرو)سهامي عام (, 4.37<\/p><p> شركت تك آوران شرق )سهامي عام (, 3.42<\/p><p> شركت توسعه اقتصادفردا)سهامي خاص (, 3.37<\/p><p> شركت مهرآفرينان دوران )سهامي خاص (, 3.33<\/p><p> موسسه رفاه وتامين آتيه اميد, 3.31<\/p><p> شركت بازرگاني پاسادداناايرانيان )سهامي خاص (, 3.28<\/p><p> شركت نگارنصرسهم )سهامي خاص (, 3.27<\/p><p> شركت كشاورزي مدبركشت توس )سهامي خاص (, 3.13<\/p><p> شركت خدمات بيمه ايران خودرو)سهامي خاص (, 2.68<\/p><p> شركت گسترش سرمايه گذاري ايران خودرو)سهابخش 1, 2.30<\/p><p> شركت سرمايه گذاري پويا)سهامي عام (, 2.09<\/p><p> شركت طراحي مهندسي خودروقشم )سهامي خاص (, 2.05<\/p><p> موسسه رفاه وتامين آتيه اميدبخش 1, 1.65<\/p><p> شركت گسترش سرمايه گذاري ايران خودرو)س خ (بخش 1, 1.58<\/p><p> شركت مهرآفرينان دوران )سهامي خاص (بخش 1, 1.57<\/p><p> شركت كشاورزي مدبركشت توس )سهامي خاص (بخش 1, 1.56<\/p><p> شركت تك آوران شرق )سهامي عام (بخش 1, 1.48<\/p><p> شركت توسعه اقتصادفردا)سهامي خاص (بخش 1, 1.36<\/p><p> شركت ايران وشرق )سهامي خاص (, 1.35<\/p><p> شركت تام ايران خودرو)سهامي خاص (, 1.16<\/p><p> شركت سرمايه گذاري صندوق بازنشستگي كشوري )سهامي, 1.15<\/p><p> شركت تهيه وتوزيع قطعات ولوازم يدكي ايران, 1.07<\/p><p> شركت توليدي نيرومحركه )سهامي خاص (, 1.07<\/p><p> شركت توليدمحورخودرو)سهامي خاص (, 1.03<\/p><p> شركت تحقيق طراحي وتوليدموتورايران خودرو, 1.01<\/p>", "Contact_info": "<p> مدیر عامل :   کورش پرويزيان <\/p><p>  تلفن شرکت :   81151-021 <\/p><p>  فکس شرکت :   - <\/p><p> پست الکترونیکی :  Info@Parsian-bank.net <\/p><p> آدرس سایت :   www.Parsian-bank.com<\/p><p> آدرس شرکت :   تهران شهرک قدس ( غرب ) بلوار شهيد فرحزادي نبش خيابان زرافشان غربي پلاک 4  ساختمان ادارات مرکزي بانک پارسيان طبقه همکف <\/p><p> آدرس کارخانه :   - <\/p><p> زمینه فعالیت :   انجام امور بانکي <\/p>", "lat": 35.759356, "long": 51.353515, "color": "#380DFF", "group": "1" }, "geometry": { "type": "Point", "coordinates": [ 51.353515, 35.759356 ] } },
{ "type": "Feature", "properties": { "name": "Bank Pasargad", "Board_Members_info": "<p>کامران اختيار-- عضو هیئت مدیره<\/p><p> دکتر مجيد قاسمي-- نایب رئیس هیئت مدیره<\/p><p> دکتر مجيد قاسمي-- مدیرعامل و عضو هیئت مدیره<\/p><p> ذبيح اله خزايي-- عضو هیئت مدیره<\/p><p> سيد کاظم ميرولد-- رئیس هیئت مدیره<\/p><p> احمد وادي دار-- عضو هیئت مدیره<\/p><p> داود مجتهد-- عضو هیئت مدیره<\/p>", "Shareholders_info": "<p>شركت سام گروه )سهامي خاص (, 3.72<\/p><p> شخص حقیقی, 2.57<\/p><p> شركت مشاوره سرمايه گذاري سلين )سهامي خاص (, 2.54<\/p><p> شخص حقیقی, 2.53<\/p><p> شركت سرمايه گذاري خوارزمي )سهامي عام (, 2.51<\/p><p> شركت سرمايه گذاري پارس آريان بخش 1دارايي, 2.32<\/p><p> شركت بازرگاني همقدم )سهامي خاص (, 2.14<\/p><p> شركت سرمايه گذاري پارس آريان بخش 4دارايي, 2.00<\/p><p> شركت ميلادگسترنوآوران )سهامي خاص (بخش 1, 1.88<\/p><p> موسسه رفاه وتامين آتيه اميد, 1.88<\/p><p> شركت نيك انديشان سروش فجر)سهامي خاص (بخش 2, 1.87<\/p><p> شركت دانش گستران آتي سازپويا)سهامي خاص (, 1.84<\/p><p> شركت بينش پژوه ايرانيان )سهامي خاص (, 1.84<\/p><p> شركت تامين آتيه سرمايه ا.گ .م .پاسارگادبخش 2, 1.83<\/p><p> شركت توسعه ومديريت سرمايه صبا)سهامي خاص (, 1.82<\/p><p> شركت نيك انديشان سروش فجر)سهامي خاص (بخش 1, 1.78<\/p><p> شركت هوردادرايان )سهامي خاص (, 1.65<\/p><p> موسسه همياري كوثر, 1.63<\/p><p> شركت سرمايه گذاري پارس آريان )سهامي عام (, 1.55<\/p><p> شركت هوردادرايان )سهامي خاص (بخش 1, 1.48<\/p><p> شركت هوردادرايان )سهامي خاص (بخش 2, 1.48<\/p><p> شركت سرمايه گذاري پارس آريان بخش 2دارايي, 1.38<\/p><p> شركت سرمايه گذاري پارس آريان بخش 3دارايي, 1.38<\/p><p> شركت سهاب اميدايرانيان )سهامي خاص (, 1.30<\/p><p> شركت ميلادگسترنوآوران )سهامي خاص (, 1.24<\/p><p> شركت سرمايه گذاري خوارزمي بخش 1دارايي, 1.14<\/p><p> شركت نيك انديشان سروش فجر)سهامي خاص (, 1.12<\/p><p> سهام وث‹يقه نامه  91051909 ن .وپاسار, 1.08<\/p><p> سهام وث‹يقه نامه  91051900 ن .وپاسار, 1.06<\/p><p> شركت بارقه اميدايرانيان )سهامي خاص (, 1.04<\/p><p> شركت نظم آوران پوياي ايرانيان )سهامي خاص (, 1.01<\/p>", "Contact_info": "<p> مدیر عامل :   دکتر مجيد قاسمي <\/p><p>  تلفن شرکت :   82898289 <\/p><p>  فکس شرکت :   - <\/p><p> پست الکترونیکی :   - <\/p><p> آدرس سایت :   www.bankpasargad.com<\/p><p> آدرس شرکت :   تهران، ميرداماد غربي، پلاک 430 <\/p><p> آدرس کارخانه :   ---- <\/p><p> زمینه فعالیت :   فعاليت هاي بانکي <\/p>", "lat": 35.762069, "long": 51.415589, "color": "#380DFF", "group": "1" }, "geometry": { "type": "Point", "coordinates": [ 51.415589, 35.762069 ] } },
{ "type": "Feature", "properties": { "name": "Bank Saderat", "Board_Members_info": "<p>سياوش زراعتي-- نایب رئیس هیئت مدیره<\/p><p> حميد تهرانفر-- عضو هیئت مدیره<\/p><p> مجتبي لشکربلوکي-- عضو هیئت مدیره<\/p><p> غلام سوري-- رئیس هیئت مدیره<\/p>", "Shareholders_info": "<p>شخص حقیقی, 2.95<\/p><p> شخص حقیقی, 1.90<\/p><p> شركت س افارس س .خ )م ك م ف ع (بخش 1, 1.66<\/p><p> سازمان خصوصي سازي -وكالتي بخش 1, 1.59<\/p><p> BFMصندوق سرمايه گذاري .ا.بازارگرداني سپهرصاد, 1.59<\/p><p> دولت جمهوري اسلامي بخش 38دارايي )معاف ازماليات, 1.58<\/p><p> دولت جمهوري اسلامي بخش 39دارايي )معاف ازماليات, 1.58<\/p><p> دولت جمهوري اسلامي بخش 40دارايي )معاف ازماليات, 1.58<\/p><p> شركت س اتهران س .خ )م ك م ف ع (بخش 2, 1.58<\/p><p> شركت س ااصفهان س .خ )م ك م ف ع (بخش 1, 1.51<\/p><p> شركت س اآذربايجان غربي س .خ )م ك م ف ع (, 1.51<\/p><p> شركت س اخوزستان س .خ )م ك م ف ع (بخش 1, 1.48<\/p><p> شركت س اسيستان وبلوچستان س .خ )م ك م ف ع (, 1.45<\/p><p> شركت س اتهران س .خ )م ك م ف ع (بخش 1, 1.44<\/p><p> دولت جمهوري اسلامي بخش 37دارايي )معاف ازماليات, 1.42<\/p><p> سازمان خصوصي سازي -وكالتي بخش 3, 1.42<\/p><p> دولت جمهوري اسلامي بخش 35دارايي )معاف ازماليات, 1.40<\/p><p> سازمان بيمه سلامت ايران بخش 2, 1.38<\/p><p> شركت گروه مالي سپهرصادرات )سهامي خاص (, 1.35<\/p><p> دولت جمهوري اسلامي بخش 20دارايي )معاف ازماليات, 1.33<\/p><p> شركت س اكرمانشاه س .خ )م ك م ف ع (, 1.32<\/p><p> شركت س اخراسان رضوي س .خ )م ك م ف ع (بخش 1, 1.30<\/p><p> شركت خدمات پشتيباني مهر78)سهامي خاص (بخش 1, 1.29<\/p><p> شركت خدمات پشتيباني مهر78)سهامي خاص (بخش 2, 1.29<\/p><p> دولت جمهوري اسلامي بخش 36دارايي )معاف ازماليات, 1.29<\/p><p> دولت جمهوري اسلامي بخش 33دارايي )معاف ازماليات, 1.29<\/p><p> دولت جمهوري اسلامي بخش 34دارايي )معاف ازماليات, 1.29<\/p><p> سازمان بيمه سلامت ايران, 1.26<\/p><p> شركت س اآذربايجان شرقي س .خ )م ك م ف ع (بخش 1, 1.25<\/p><p> شركت س الرستان س .خ )م ك م ف ع (, 1.25<\/p><p> شركت سرمايه گذاري خوارزمي )سهامي عام (بخش 1, 1.18<\/p><p> شركت س امازندران س .خ )م ك م ف ع (بخش 1, 1.16<\/p><p> شركت س اخراسان رضوي س .خ )م ك م ف ع (بخش 2, 1.16<\/p><p> شركت س اكرمان س .خ )م ك م ف ع (بخش 1, 1.13<\/p><p> شركت سرمايه گذاري خوارزمي )سهامي عام (, 1.13<\/p><p> شركت س اگلستان س .خ )م ك م ف ع (, 1.10<\/p><p> شركت س افارس س .خ )م ك م ف ع (, 1.09<\/p><p> شركت س اگيلان س .خ )م ك م ف ع (بخش 1, 1.05<\/p><p> شركت س اهمدان س .خ )م ك م ف ع (, 1.04<\/p><p> شركت س اتهران س .خ )م ك م ف ع (, 1.04<\/p><p> سازمان خصوصي سازي -وكالتي, 1.04<\/p><p> دولت جمهوري اسلامي بخش 17دارايي )معاف ازماليات, 1.03<\/p><p> دولت جمهوري اسلامي بخش 18دارايي )معاف ازماليات, 1.03<\/p><p> دولت جمهوري اسلامي بخش 19دارايي )معاف ازماليات, 1.03<\/p>", "Contact_info": "<p> مدیر عامل :   سياوش زراعتي <\/p><p>  تلفن شرکت :   02184761 <\/p><p>  فکس شرکت :   02184761 <\/p><p> پست الکترونیکی :  infi@bsi.ir <\/p><p> آدرس سایت :   www.bsi.ir<\/p><p> آدرس شرکت :   خيابان سميه - برج سپهر شماره 85 <\/p><p> آدرس کارخانه :   خيابان سميه - برج سپهر شماره 85 <\/p><p> زمینه فعالیت :   کليه فعاليت هاي مندرج در اساسنامه بانک <\/p>", "lat": 35.706339, "long": 51.427263, "color": "#380DFF", "group": "1" }, "geometry": { "type": "Point", "coordinates": [ 51.427263, 35.706339 ] } },
{ "type": "Feature", "properties": { "name": "Bank Sina", "Board_Members_info": "<p>محمد مخبر-- رئیس هیئت مدیره<\/p><p> محمد رضا  پيشرو-- نایب رئیس هیئت مدیره<\/p><p> محمد رضا  پيشرو-- مدیرعامل و عضو هیئت مدیره<\/p><p> غلامعباس نعمت اللهي-- عضو هیئت مدیره<\/p><p> محمد رضا ساروخاني-- عضو هیئت مدیره<\/p><p> قربان دانيالي-- عضو هیئت مدیره<\/p><p> عليرضا تقديري-- عضو هیئت مدیره<\/p>", "Shareholders_info": "<p>بنيادمستضعفان انقلاب اسلامي )بخش دوم دارايي (, 9.71<\/p><p> بنيادمستضعفان انقلاب اسلامي, 9.31<\/p><p> بنيادمستضعفان انقلاب اسلامي )بخش اول داراي (, 9.16<\/p><p> بنيادمستضعفان انقلاب اسلامي )بخش سوم دارايي (, 8.13<\/p><p> موسسه بنيادعلوي, 7.79<\/p><p> بنيادمستضعفان انقلاب اسلامي )بخش چهارم دارايي, 7.63<\/p><p> شركت توسعه خدمات مديريت اهداف )سهامي عام (, 6.69<\/p><p> بنيادمستضعفان انقلاب اسلامي بخش 5, 6.50<\/p><p> بنيادمستضعفان انقلاب اسلامي  بخش 7, 6.47<\/p><p> بنيادمستضعفان انقلاب اسلامي  بخش 6, 6.10<\/p><p> شركت مادرتخصصي مالي وسرمايه گذاري سينا)سهامي خ, 6.07<\/p><p> شركت بيمه سينا)سهامي عام (, 1.93<\/p><p> BFMصندوق سرمايه گذاري .ا.بازارگرداني بانك سين, 1.57<\/p>", "Contact_info": "<p> مدیر عامل :   محمد رضا  پيشرو <\/p><p>  تلفن شرکت :   02188532427 <\/p><p>  فکس شرکت :   02188532427 <\/p><p> پست الکترونیکی :  iravani@sinabank.ir <\/p><p> آدرس سایت :   www.sinabank.ir<\/p><p> آدرس شرکت :   تهران - خ مطهري - نرسيده به مفتح  پلاک 187 <\/p><p> آدرس کارخانه :   تهران - خ مطهري - نرسيده به مفتح  پلاک 187 <\/p><p> زمینه فعالیت :   موضوع فعاليت بانک سيناطبق ماده 3 اساسنامه در زمينه هاي عمليات پولي، مالي و بانکي در چارچوب قانون پولي و بانکي کشور، قانون عمليات بانکي بدون ربا، قوانين و مقررات ناظر بر عمليات مجاز بانکي، مصوبات شوراي پول و اعتبار، بخشنامه هاودستور العملهاي بانک مرکزي جمهوري اسلامي ايران و ساير مقررات. \t\t\t\t\t\t\t\t\n <\/p>", "lat": 35.72428, "long": 51.426663, "color": "#380DFF", "group": "1" }, "geometry": { "type": "Point", "coordinates": [ 51.426663, 35.72428 ] } },
{ "type": "Feature", "properties": { "name": "Bank Tejarat", "Board_Members_info": "<p>وزارت امور اقتصادي و دارايي به (نمايندگي از دولت جمهوري اسلامي ايران)-- نایب رئیس هیئت مدیره<\/p><p> شرکت سرمايه گذاري صبا تأمين-- عضو هیئت مدیره<\/p><p> شرکت سرمايه گذاري سهام عدالت استان کردستان-- رئیس هیئت مدیره<\/p><p> شرکت سرمايه گذاري سهام عدالت استان کهگيلويه و بوير احمد-- عضو هیئت مدیره<\/p><p> شرکت سرمايه گذاري سهام عدالت استان يزد-- عضو هیئت مدیره<\/p><p> محمد ابراهيم مقدم نودهي-- مدیرعامل و عضو هیئت مدیره<\/p>", "Shareholders_info": "<p>دولت جمهوري اسلامي بخش 58)معاف ازماليات (, 2.13<\/p><p> شركت س افارس س .خ )م ك م ف ع (, 2.11<\/p><p> شركت س اآذربايجان شرقي س .خ )م ك م ف ع (, 2.07<\/p><p> سازمان خصوصي سازي -وكالتي بخش 4, 2.06<\/p><p> شركت سرمايه گذاري ملي ايران )سهامي عام (, 2.05<\/p><p> شركت س اخراسان رضوي س .خ )م ك م ف ع (, 2.00<\/p><p> شركت س امازندران س .خ )م ك م ف ع (, 1.93<\/p><p> شركت سرمايه گذاري صباتامين )سهامي عام (بخش 8, 1.92<\/p><p> شركت سرمايه گذاري صباتامين (سهامي عام )بخش 3, 1.89<\/p><p> شركت س اكرمان س .خ )م ك م ف ع (, 1.88<\/p><p> شركت .ب .تداركات كارآمدپوياابريشم )س .خ (بخش 1, 1.86<\/p><p> سازمان خصوصي سازي -وكالتي, 1.83<\/p><p> دولت جمهوري اسلامي بخش 11دارايي )معاف ازماليات, 1.82<\/p><p> شركت سرمايه گذاري صباتامين )سهامي عام (بخش 7 __, 1.76<\/p><p> شركت س اتهران س .خ )م ك م ف ع (بخش 5, 1.76<\/p><p> شركت توسعه معادن جنوب )بامسئوليت محدود(بخش 1, 1.75<\/p><p> شركت س اگيلان س .خ )م ك م ف ع (, 1.74<\/p><p> دولت جمهوري اسلامي بخش 18دارايي )معاف ازماليات, 1.62<\/p><p> شركت سرمايه گذاري سامان ايرانيان )سهامي خاص (, 1.61<\/p><p> شركت سرمايه گذاري صباتامين )سهامي عام (بخش 9, 1.60<\/p><p> شركت بازرگاني تداركات كارآمدپوياابريشم )سهام, 1.60<\/p><p> شركت س ااصفهان س .خ )م ك م ف ع (, 1.54<\/p><p> نامشخص, 1.54<\/p><p> دولت جمهوري اسلامي بخش 59)معاف ازماليات (, 1.51<\/p><p> شركت س اآذربايجان غربي س .خ )م ك م ف ع (, 1.51<\/p><p> شركت س اخوزستان س .خ )م ك م ف ع (, 1.51<\/p><p> شركت ماكرواينترنشنال سرويسز, 1.49<\/p><p> شركت س اسيستان وبلوچستان س .خ )م ك م ف ع (, 1.45<\/p><p> نامشخص, 1.41<\/p><p> شركت س اكرمانشاه س .خ )م ك م ف ع (, 1.32<\/p><p> دولت جمهوري اسلامي بخش 64)معاف ازماليات (, 1.29<\/p><p> شركت س الرستان س .خ )م ك م ف ع (, 1.25<\/p><p> شركت س اخراسان رضوي س .خ )م ك م ف ع (بخش 4 _________, 1.24<\/p><p> شركت خدمات پشتيباني مهر78)سهامي خاص (, 1.23<\/p><p> شركت س اتهران س .خ )م ك م ف ع (, 1.21<\/p><p> صندوق سرمايه گذاري مشترك توسعه بازارسرمايه, 1.17<\/p><p> سازمان بيمه سلامت ايران, 1.13<\/p><p> شركت س اگلستان س .خ )م ك م ف ع (, 1.10<\/p><p> دولت جمهوري اسلامي بخش 62)معاف ازماليات (, 1.09<\/p><p> BFMصندوق سرمايه گذاري .ا.ب .تجارت .ا.بخش 1, 1.09<\/p><p> شركت س اتهران س .خ )م ك م ف ع (بخش 6, 1.09<\/p><p> شركت خدمات پشتيباني مهر78)سهامي خاص (بخش 1, 1.09<\/p><p> شركت س اهمدان س .خ )م ك م ف ع (, 1.04<\/p><p> دولت جمهوري اسلامي بخش 16دارايي )معاف ازماليات, 1.03<\/p>", "Contact_info": "<p> مدیر عامل :   محمد ابراهيم مقدم نودهي <\/p><p>  تلفن شرکت :   021-81041 <\/p><p>  فکس شرکت :   021-88822950 <\/p><p> پست الکترونیکی :  info@tejaratbank.ir <\/p><p> آدرس سایت :   www.tejarat.ir<\/p><p> آدرس شرکت :   خ طالقاني -نبش استاد نجات الهي-شماره 247 <\/p><p> آدرس کارخانه :   - <\/p><p> زمینه فعالیت :   \t1ـافتتاح و نگهداري انواع سپرده هاي قرض الحسنه جاري ، پس انداز و سپرده هاي کوتاه مدت و بلندمدت و ساير حساب هاي مشابه و صدور گواهي سپرده عام و خاص 2- انجام عمليات اعتباري مصرح در قانون عمليات بانکي بدون ربا 3- ارائه انواع خدمات بانکي <\/p>", "lat": 35.706913, "long": 51.416994, "color": "#380DFF", "group": "1" }, "geometry": { "type": "Point", "coordinates": [ 51.416994, 35.706913 ] } }
]
}
